{
  "version": "v1",
  "generated_utc": "2026-01-30T23:37:37Z",
  "counts": {
    "games": 34,
    "entries": 127
  },
  "filters": {
    "players": [
      "Da",
      "Fra",
      "Giamma",
      "Matti",
      "Stanca",
      "Teo"
    ],
    "commanders": [
      "Abigale",
      "Arabella",
      "Baba",
      "Braids",
      "Brion",
      "Chandra",
      "Edric",
      "Finn",
      "Flubs",
      "Galtha",
      "Halana",
      "Hearthhull",
      "Hylda",
      "Ivy",
      "Jan Jansen",
      "K'rrik",
      "Kaalia",
      "Karn",
      "Kruphix",
      "Liesa",
      "Lotho",
      "Magda",
      "Piedemoccio",
      "Purphorose",
      "Raffine",
      "Scrab",
      "Sephiroth",
      "Sidisi",
      "Sisay",
      "Tezzeret",
      "Tramutanti",
      "Vivi",
      "Volo"
    ],
    "brackets": [
      2,
      3,
      4,
      5
    ]
  },
  "by_player": [
    {
      "player": "Da",
      "games": 28,
      "wins": 10
    },
    {
      "player": "Fra",
      "games": 25,
      "wins": 8
    },
    {
      "player": "Matti",
      "games": 24,
      "wins": 9
    },
    {
      "player": "Giamma",
      "games": 21,
      "wins": 4
    },
    {
      "player": "Teo",
      "games": 15,
      "wins": 2
    },
    {
      "player": "Stanca",
      "games": 14,
      "wins": 1
    }
  ],
  "by_player_commander": [
    {
      "player": "Matti",
      "commander": "Sephiroth",
      "bracket": 5,
      "games": 12,
      "wins": 5
    },
    {
      "player": "Teo",
      "commander": "Hylda",
      "bracket": 3,
      "games": 12,
      "wins": 1
    },
    {
      "player": "Da",
      "commander": "K'rrik",
      "bracket": 5,
      "games": 10,
      "wins": 5
    },
    {
      "player": "Da",
      "commander": "Sisay",
      "bracket": 4,
      "games": 9,
      "wins": 2
    },
    {
      "player": "Stanca",
      "commander": "Kaalia",
      "bracket": 5,
      "games": 9,
      "wins": 1
    },
    {
      "player": "Fra",
      "commander": "Abigale",
      "bracket": 5,
      "games": 8,
      "wins": 3
    },
    {
      "player": "Da",
      "commander": "Hearthhull",
      "bracket": 4,
      "games": 6,
      "wins": 1
    },
    {
      "player": "Giamma",
      "commander": "Halana",
      "bracket": 5,
      "games": 6,
      "wins": 1
    },
    {
      "player": "Giamma",
      "commander": "Kruphix",
      "bracket": 4,
      "games": 5,
      "wins": 1
    },
    {
      "player": "Fra",
      "commander": "Magda",
      "bracket": 5,
      "games": 4,
      "wins": 2
    },
    {
      "player": "Matti",
      "commander": "Vivi",
      "bracket": 5,
      "games": 4,
      "wins": 2
    },
    {
      "player": "Giamma",
      "commander": "Brion",
      "bracket": 2,
      "games": 4,
      "wins": 0
    },
    {
      "player": "Fra",
      "commander": "Piedemoccio",
      "bracket": 4,
      "games": 3,
      "wins": 1
    },
    {
      "player": "Giamma",
      "commander": "Galtha",
      "bracket": 3,
      "games": 3,
      "wins": 1
    },
    {
      "player": "Matti",
      "commander": "Ivy",
      "bracket": 2,
      "games": 3,
      "wins": 1
    },
    {
      "player": "Stanca",
      "commander": "Volo",
      "bracket": 3,
      "games": 3,
      "wins": 0
    },
    {
      "player": "Da",
      "commander": "Karn",
      "bracket": 5,
      "games": 2,
      "wins": 2
    },
    {
      "player": "Matti",
      "commander": "Purphorose",
      "bracket": 4,
      "games": 2,
      "wins": 1
    },
    {
      "player": "Teo",
      "commander": "Arabella",
      "bracket": 3,
      "games": 2,
      "wins": 1
    },
    {
      "player": "Fra",
      "commander": "Liesa",
      "bracket": 3,
      "games": 2,
      "wins": 0
    },
    {
      "player": "Fra",
      "commander": "Raffine",
      "bracket": 4,
      "games": 2,
      "wins": 0
    },
    {
      "player": "Giamma",
      "commander": "Chandra",
      "bracket": 4,
      "games": 2,
      "wins": 0
    },
    {
      "player": "Matti",
      "commander": "Flubs",
      "bracket": 3,
      "games": 2,
      "wins": 0
    },
    {
      "player": "Fra",
      "commander": "Edric",
      "bracket": 3,
      "games": 1,
      "wins": 1
    },
    {
      "player": "Fra",
      "commander": "Sidisi",
      "bracket": 3,
      "games": 1,
      "wins": 1
    },
    {
      "player": "Giamma",
      "commander": "Chandra",
      "bracket": 5,
      "games": 1,
      "wins": 1
    },
    {
      "player": "Da",
      "commander": "Lotho",
      "bracket": 4,
      "games": 1,
      "wins": 0
    },
    {
      "player": "Fra",
      "commander": "Baba",
      "bracket": 2,
      "games": 1,
      "wins": 0
    },
    {
      "player": "Fra",
      "commander": "Braids",
      "bracket": 5,
      "games": 1,
      "wins": 0
    },
    {
      "player": "Fra",
      "commander": "Jan Jansen",
      "bracket": 2,
      "games": 1,
      "wins": 0
    },
    {
      "player": "Fra",
      "commander": "Tezzeret",
      "bracket": 5,
      "games": 1,
      "wins": 0
    },
    {
      "player": "Matti",
      "commander": "Tramutanti",
      "bracket": 3,
      "games": 1,
      "wins": 0
    },
    {
      "player": "Stanca",
      "commander": "Finn",
      "bracket": 2,
      "games": 1,
      "wins": 0
    },
    {
      "player": "Stanca",
      "commander": "Kaalia",
      "bracket": 3,
      "games": 1,
      "wins": 0
    },
    {
      "player": "Teo",
      "commander": "Scrab",
      "bracket": 4,
      "games": 1,
      "wins": 0
    }
  ]
}